time,level,spatial_ref,no2_conc,o3_conc,co_conc,no_conc,so2_conc
2023-08-01 00:00:00,0.0,0,16.37015,54.038177,207.93608,0.05135685,2.2905843
2023-08-01 01:00:00,0.0,0,14.344056,52.516068,199.02293,0.04842941,2.545974
2023-08-01 02:00:00,0.0,0,13.178723,50.2693,194.22023,0.06494597,2.6415064
2023-08-01 03:00:00,0.0,0,12.936802,46.49489,199.04657,0.098723985,2.5360196
2023-08-01 04:00:00,0.0,0,16.039814,42.17664,204.82097,0.53039175,2.653897
2023-08-01 05:00:00,0.0,0,13.635391,43.944942,215.88765,1.969143,2.5297365
2023-08-01 06:00:00,0.0,0,11.075046,54.116787,222.88269,2.1264813,2.6232507
2023-08-01 07:00:00,0.0,0,7.04197,75.06198,208.1035,1.2969705,2.627073
2023-08-01 08:00:00,0.0,0,4.93416,88.95169,208.83405,0.85842186,2.6047099
2023-08-01 09:00:00,0.0,0,4.2132506,101.53149,207.4751,0.76704544,2.6692955
2023-08-01 10:00:00,0.0,0,3.6565187,107.89059,202.92432,0.6131694,2.4497502
2023-08-01 11:00:00,0.0,0,3.3076925,105.38276,195.40485,0.54664725,2.371543
2023-08-01 12:00:00,0.0,0,3.1821394,104.766235,187.90918,0.5099737,2.2787993
2023-08-01 13:00:00,0.0,0,3.1326265,105.012856,189.20624,0.55067736,2.0564377
2023-08-01 14:00:00,0.0,0,3.4482927,102.94868,189.00696,0.59836334,1.8185514
2023-08-01 15:00:00,0.0,0,3.8613198,98.94602,176.57983,0.594776,1.7439809
2023-08-01 16:00:00,0.0,0,4.6453743,94.329185,180.95839,0.4854333,1.7872602
2023-08-01 17:00:00,0.0,0,6.016579,90.1391,167.25572,0.2654761,1.9081861
2023-08-01 18:00:00,0.0,0,7.464031,85.30026,178.6519,0.06952512,1.9308182
2023-08-01 19:00:00,0.0,0,9.392416,75.26274,185.87044,0.07628002,1.9407753
2023-08-01 20:00:00,0.0,0,10.192468,72.07322,190.35286,0.07783848,2.1540506
2023-08-01 21:00:00,0.0,0,11.000629,67.216064,192.8031,0.06882849,2.368527
2023-08-01 22:00:00,0.0,0,10.857228,65.75118,194.90471,0.05012464,2.6293747
2023-08-01 23:00:00,0.0,0,10.720426,63.013947,199.04332,0.050034642,2.956825
2023-08-02 00:00:00,0.0,0,10.307861,57.80379,204.26178,0.04455636,3.7091029
2023-08-02 01:00:00,0.0,0,10.576222,56.050583,204.03477,0.047405045,3.7575724
2023-08-02 02:00:00,0.0,0,11.231309,50.47284,202.13098,0.052596737,3.7385445
2023-08-02 03:00:00,0.0,0,13.638385,46.783936,214.12804,0.0699778,3.7000759
2023-08-02 04:00:00,0.0,0,18.5288,45.48715,225.47717,0.4871185,3.616235
2023-08-02 05:00:00,0.0,0,21.046309,46.131195,242.69316,2.3741882,3.8356907
2023-08-02 06:00:00,0.0,0,16.089859,57.766453,250.35071,2.6632836,4.8654757
2023-08-02 07:00:00,0.0,0,11.7412195,77.17877,241.51497,2.1433527,4.7000623
2023-08-02 08:00:00,0.0,0,8.420946,89.86422,227.68849,1.3362566,4.1722336
2023-08-02 09:00:00,0.0,0,5.1166253,102.06428,207.63625,0.7480628,3.5081499
2023-08-02 10:00:00,0.0,0,3.816253,106.71017,200.41554,0.59729826,2.8919706
2023-08-02 11:00:00,0.0,0,3.1673143,105.28506,193.42456,0.5231374,2.304476
2023-08-02 12:00:00,0.0,0,3.12401,103.27805,179.08351,0.46000624,1.9871335
2023-08-02 13:00:00,0.0,0,3.19821,101.909,179.33162,0.52187747,1.8691324
2023-08-02 14:00:00,0.0,0,3.4700048,98.73657,177.09607,0.5397735,1.7999929
2023-08-02 15:00:00,0.0,0,4.241155,97.16386,171.77887,0.5882775,1.7901982
2023-08-02 16:00:00,0.0,0,4.965256,93.48853,178.97084,0.4883778,1.8355713
2023-08-02 17:00:00,0.0,0,6.835367,88.6535,190.89204,0.27328774,2.073102
2023-08-02 18:00:00,0.0,0,10.277234,79.13672,198.1945,0.08001329,2.2999284
2023-08-02 19:00:00,0.0,0,13.666299,73.53024,206.18721,0.07685179,2.5439432
2023-08-02 20:00:00,0.0,0,14.120621,67.99,209.97156,0.06377336,2.8530293
2023-08-02 21:00:00,0.0,0,15.208007,64.309166,213.85435,0.05579922,3.0922108
2023-08-02 22:00:00,0.0,0,15.65805,58.04764,217.91425,0.051873464,3.0983963
2023-08-02 23:00:00,0.0,0,15.63242,53.930523,221.04063,0.040055662,3.1472185
2023-08-03 00:00:00,0.0,0,14.474884,51.896957,222.45818,0.03452527,3.0883808
2023-08-03 01:00:00,0.0,0,13.685609,52.219894,223.41527,0.035625722,3.0035794
2023-08-03 02:00:00,0.0,0,12.906967,49.369114,221.93489,0.04772834,3.0454454
2023-08-03 03:00:00,0.0,0,14.780366,48.29591,219.14754,0.08087042,3.0983193
2023-08-03 04:00:00,0.0,0,20.509312,44.829315,242.92387,0.4975945,3.3017015
2023-08-03 05:00:00,0.0,0,20.857244,43.258698,266.8612,2.9563167,3.3044217
2023-08-03 06:00:00,0.0,0,20.098537,51.552948,261.01868,4.7283826,4.0400205
2023-08-03 07:00:00,0.0,0,15.890256,71.64014,251.76611,2.746155,4.02438
2023-08-03 08:00:00,0.0,0,10.712502,91.38746,241.0685,1.6703078,4.247729
2023-08-03 09:00:00,0.0,0,6.7210026,105.90207,229.94696,0.8272314,4.078854
2023-08-03 10:00:00,0.0,0,4.5563865,116.908165,217.33354,0.62253785,3.5706367
2023-08-03 11:00:00,0.0,0,3.3746643,119.908806,206.14644,0.5581069,3.159291
2023-08-03 12:00:00,0.0,0,3.1244507,115.24258,190.09595,0.548527,2.8596208
2023-08-03 13:00:00,0.0,0,3.2357044,110.800026,187.1704,0.56278986,2.7030656
2023-08-03 14:00:00,0.0,0,3.9080238,110.57014,182.1805,0.5768655,2.677994
2023-08-03 15:00:00,0.0,0,4.6904488,111.22375,179.59393,0.5809271,2.7600498
2023-08-03 16:00:00,0.0,0,5.5869617,108.266655,184.89262,0.5189989,2.899655
2023-08-03 17:00:00,0.0,0,7.8771,97.47462,189.16872,0.28896654,3.0639124
2023-08-03 18:00:00,0.0,0,12.161111,85.20606,207.70284,0.07436078,3.236091
2023-08-03 19:00:00,0.0,0,15.1033325,79.012856,211.0431,0.06835806,3.3230698
2023-08-03 20:00:00,0.0,0,19.632212,71.220726,218.93245,0.06092578,3.4439766
2023-08-03 21:00:00,0.0,0,19.045034,65.25707,233.35364,0.06355686,3.5837958
2023-08-03 22:00:00,0.0,0,19.377615,58.1421,238.42151,0.049319804,4.1122613
2023-08-03 23:00:00,0.0,0,18.108488,56.99661,237.93416,0.034780476,4.2112613
2023-08-04 00:00:00,0.0,0,15.318325,56.338123,223.5211,0.025893807,4.04413
2023-08-04 01:00:00,0.0,0,13.328971,55.32692,216.04158,0.028350063,3.7912834
2023-08-04 02:00:00,0.0,0,12.359619,55.68573,209.74507,0.03834533,3.6264467
2023-08-04 03:00:00,0.0,0,13.159297,52.86276,215.16205,0.07955355,3.5096648
2023-08-04 04:00:00,0.0,0,20.889545,47.087708,235.84773,0.4238592,3.4156475
2023-08-04 05:00:00,0.0,0,23.878992,44.864883,270.29016,3.1798055,3.4605265
2023-08-04 06:00:00,0.0,0,21.191778,49.874714,275.19543,4.904665,3.7627678
2023-08-04 07:00:00,0.0,0,17.80567,68.078224,250.02454,2.8979914,4.306867
2023-08-04 08:00:00,0.0,0,12.44614,93.03195,229.45717,1.5742003,4.8485236
2023-08-04 09:00:00,0.0,0,6.451842,106.10688,208.47333,0.7225998,4.21506
2023-08-04 10:00:00,0.0,0,4.2588696,113.882774,192.20525,0.60175174,3.5553188
2023-08-04 11:00:00,0.0,0,3.5867884,111.67657,180.9323,0.5803255,3.1494913
2023-08-04 12:00:00,0.0,0,3.423178,108.00787,170.82983,0.5800716,2.6399243
2023-08-04 13:00:00,0.0,0,3.5018737,104.992546,162.23018,0.59171736,2.1878142
2023-08-04 14:00:00,0.0,0,3.940644,102.0394,158.70128,0.6030703,2.046579
2023-08-04 15:00:00,0.0,0,4.5133696,97.87292,160.8531,0.6352895,2.1667836
2023-08-04 16:00:00,0.0,0,5.7756515,93.485176,170.01479,0.588106,2.3735597
2023-08-04 17:00:00,0.0,0,8.850425,85.200165,174.36786,0.34601685,2.595495
2023-08-04 18:00:00,0.0,0,13.288921,78.5099,186.9611,0.092752755,2.8081272
2023-08-04 19:00:00,0.0,0,17.521845,71.26018,199.171,0.08414069,3.0915987
2023-08-04 20:00:00,0.0,0,21.400528,68.37734,208.39351,0.08826036,3.2489898
2023-08-04 21:00:00,0.0,0,21.9236,61.555393,212.15637,0.084301166,3.453571
2023-08-04 22:00:00,0.0,0,20.777828,58.766712,210.08687,0.037172634,3.7234297
2023-08-04 23:00:00,0.0,0,17.358265,53.74213,201.0818,0.030086452,3.6999657
2023-08-05 00:00:00,0.0,0,14.657395,50.88275,202.89825,0.029373834,3.8656952
2023-08-05 01:00:00,0.0,0,11.488629,55.204334,195.00647,0.03235397,3.5703185
2023-08-05 02:00:00,0.0,0,10.966285,51.35338,190.63591,0.044473458,2.8234627
2023-08-05 03:00:00,0.0,0,10.49939,50.175552,188.97878,0.06566422,2.5740287
2023-08-05 04:00:00,0.0,0,13.600624,48.441677,194.24226,0.24326675,2.466564
2023-08-05 05:00:00,0.0,0,14.859459,52.103485,210.89294,1.9070902,2.2653275
2023-08-05 06:00:00,0.0,0,14.318036,63.807484,206.9215,2.643147,3.6832085
2023-08-05 07:00:00,0.0,0,7.4906883,84.09409,194.51947,1.2843498,3.9948776
2023-08-05 08:00:00,0.0,0,4.266077,93.756744,190.91846,0.672317,3.6106844
2023-08-05 09:00:00,0.0,0,2.8551867,98.880165,183.91772,0.52965707,3.1080964
2023-08-05 10:00:00,0.0,0,2.3734767,100.87672,174.89925,0.4727824,2.7590764
2023-08-05 11:00:00,0.0,0,2.2239797,101.28711,163.90642,0.44288883,2.4811275
2023-08-05 12:00:00,0.0,0,2.080207,101.195564,158.38094,0.42105412,2.4119444
2023-08-05 13:00:00,0.0,0,2.27644,100.517815,158.15263,0.3925693,2.4698477
2023-08-05 14:00:00,0.0,0,2.2313228,99.93909,158.90245,0.370546,2.533581
2023-08-05 15:00:00,0.0,0,2.8092763,98.07784,158.86084,0.3260316,2.6447098
2023-08-05 16:00:00,0.0,0,3.0958214,96.37125,165.34639,0.24611689,2.7729568
2023-08-05 17:00:00,0.0,0,4.0816884,92.8635,169.0026,0.14568524,3.004195
2023-08-05 18:00:00,0.0,0,5.4209037,90.5964,168.59192,0.044775885,3.1858985
2023-08-05 19:00:00,0.0,0,7.276398,82.41852,170.85875,0.036995593,3.4220285
2023-08-05 20:00:00,0.0,0,8.043368,83.66471,175.74251,0.019220773,3.3836896
2023-08-05 21:00:00,0.0,0,8.907731,77.54307,179.52937,0.019529268,3.5409677
2023-08-05 22:00:00,0.0,0,8.37818,70.90652,182.24084,0.014180657,3.409466
2023-08-05 23:00:00,0.0,0,8.32242,66.114204,177.88292,0.015338842,3.5067794
2023-08-06 00:00:00,0.0,0,8.431598,60.358063,175.4821,0.018527994,3.1365182
2023-08-06 01:00:00,0.0,0,8.460623,58.70545,172.42674,0.018302988,3.0081844
2023-08-06 02:00:00,0.0,0,7.4574857,59.877533,170.28493,0.020709656,2.770583
2023-08-06 03:00:00,0.0,0,7.0368404,64.861595,168.37604,0.037262637,2.6627057
2023-08-06 04:00:00,0.0,0,7.589596,64.83218,166.96335,0.15384376,2.7116325
2023-08-06 05:00:00,0.0,0,6.953871,69.75709,166.68419,0.6979804,3.0411756
2023-08-06 06:00:00,0.0,0,5.9404945,69.19002,163.14122,1.0289505,3.247647
2023-08-06 07:00:00,0.0,0,3.5372417,74.08907,155.25749,0.6955672,2.8245363
2023-08-06 08:00:00,0.0,0,2.702842,81.41793,147.10999,0.62636465,2.6452985
2023-08-06 09:00:00,0.0,0,2.3579803,87.46673,144.36967,0.5730962,2.633552
2023-08-06 10:00:00,0.0,0,2.2397768,92.804436,143.31778,0.536689,2.0641658
2023-08-06 11:00:00,0.0,0,2.1774938,96.72971,142.1934,0.52121377,1.7181729
2023-08-06 12:00:00,0.0,0,2.2188451,97.93415,143.09009,0.50544435,1.6022824
2023-08-06 13:00:00,0.0,0,2.6405904,99.119965,144.98811,0.53794956,1.4778295
2023-08-06 14:00:00,0.0,0,3.449054,99.24485,150.73248,0.5275753,1.4935893
2023-08-06 15:00:00,0.0,0,3.698251,97.40502,156.58041,0.46849754,1.5643984
2023-08-06 16:00:00,0.0,0,3.7192304,94.11463,159.20744,0.40379176,1.8112386
2023-08-06 17:00:00,0.0,0,6.8139453,91.26566,163.11688,0.24951614,2.355794
2023-08-06 18:00:00,0.0,0,9.690776,89.17307,162.1606,0.064846195,2.4352865
2023-08-06 19:00:00,0.0,0,10.53961,81.58698,163.86383,0.03292936,2.4581087
2023-08-06 20:00:00,0.0,0,11.737022,71.81209,164.22992,0.03266247,2.2708757
2023-08-06 21:00:00,0.0,0,13.243802,64.14593,170.13164,0.031198451,2.107047
2023-08-06 22:00:00,0.0,0,12.427173,55.540012,172.3643,0.043661375,2.2522056
2023-08-06 23:00:00,0.0,0,11.166844,49.898865,167.75438,0.04729876,2.601418
2023-08-07 00:00:00,0.0,0,10.522082,45.506275,160.77065,0.047308266,2.4537764
2023-08-07 01:00:00,0.0,0,8.507043,50.97468,155.37128,0.032098044,2.083939
2023-08-07 02:00:00,0.0,0,7.194767,53.56928,151.75249,0.03636252,1.8423308
2023-08-07 03:00:00,0.0,0,7.4400125,59.0061,156.47855,0.051343817,1.8258895
2023-08-07 04:00:00,0.0,0,9.829166,56.75847,169.78041,0.19841017,2.0839555
2023-08-07 05:00:00,0.0,0,10.217165,59.58125,181.4611,0.85388994,2.105203
2023-08-07 06:00:00,0.0,0,7.5965123,65.35078,179.25731,1.2152516,2.167115
2023-08-07 07:00:00,0.0,0,5.4691315,77.10064,175.41685,0.8315542,2.1813233
2023-08-07 08:00:00,0.0,0,3.948651,87.71438,163.26912,0.65442365,2.022348
2023-08-07 09:00:00,0.0,0,3.2110097,95.17509,158.07721,0.58798957,1.9154505
2023-08-07 10:00:00,0.0,0,3.3072684,99.962456,157.32002,0.58221424,1.9032384
2023-08-07 11:00:00,0.0,0,3.733578,102.46078,160.65967,0.59870446,1.9289721
2023-08-07 12:00:00,0.0,0,3.8178844,108.30897,166.53976,0.6016144,1.9761282
2023-08-07 13:00:00,0.0,0,3.8493567,113.85758,171.97124,0.6764524,1.947793
2023-08-07 14:00:00,0.0,0,4.672245,115.14508,173.05841,0.7160098,1.9492513
2023-08-07 15:00:00,0.0,0,5.1202583,111.62978,178.51086,0.59160316,1.781449
2023-08-07 16:00:00,0.0,0,5.215651,108.37293,176.04738,0.46561077,1.6667166
2023-08-07 17:00:00,0.0,0,7.7046494,100.08701,176.76302,0.2469544,1.7621359
2023-08-07 18:00:00,0.0,0,10.616911,92.02723,181.11572,0.06969833,2.1709561
2023-08-07 19:00:00,0.0,0,11.721044,81.17602,181.8166,0.042551,2.3113873
2023-08-07 20:00:00,0.0,0,14.4833145,73.36333,184.028,0.0492983,2.4290786
2023-08-07 21:00:00,0.0,0,16.537287,66.06084,190.23174,0.05432485,3.0535624
2023-08-07 22:00:00,0.0,0,18.132448,59.705338,189.74336,0.041672975,3.107433
2023-08-07 23:00:00,0.0,0,15.68047,60.25108,188.59074,0.032750167,2.8800814
2023-08-08 00:00:00,0.0,0,11.569922,65.19666,176.08899,0.019830247,2.8664057
2023-08-08 01:00:00,0.0,0,6.2995663,72.23176,157.98738,0.015822267,3.0899475
2023-08-08 02:00:00,0.0,0,5.125048,69.095116,158.51448,0.019311534,3.3095315
2023-08-08 03:00:00,0.0,0,4.815783,65.845795,173.59802,0.040953834,2.9077742
2023-08-08 04:00:00,0.0,0,5.5524554,61.980907,181.97925,0.15391953,3.3054817
2023-08-08 05:00:00,0.0,0,5.3761673,60.987595,185.3441,0.52104425,3.585068
2023-08-08 06:00:00,0.0,0,5.1244473,63.030415,181.61932,0.8101439,3.4314795
2023-08-08 07:00:00,0.0,0,4.369793,67.1414,179.01909,0.7818214,3.379506
2023-08-08 08:00:00,0.0,0,3.4322655,74.035194,174.30023,0.62708807,3.4237251
2023-08-08 09:00:00,0.0,0,2.7556741,79.63758,172.32515,0.54601735,3.0318124
2023-08-08 10:00:00,0.0,0,2.5036428,81.791794,176.25372,0.51765585,2.8324187
2023-08-08 11:00:00,0.0,0,2.3704631,82.80865,173.7497,0.52128464,2.9572232
2023-08-08 12:00:00,0.0,0,2.5085628,83.720795,171.45729,0.5249863,3.1086314
2023-08-08 13:00:00,0.0,0,2.7501485,85.37402,169.66534,0.54805666,3.109657
2023-08-08 14:00:00,0.0,0,3.375735,84.1978,169.28485,0.5773131,3.0774412
2023-08-08 15:00:00,0.0,0,4.0616446,83.34986,170.80663,0.5545875,2.9720943
2023-08-08 16:00:00,0.0,0,4.848069,84.24153,171.95671,0.45458075,2.8558311
2023-08-08 17:00:00,0.0,0,6.7293534,79.9611,182.54138,0.22449706,2.8841398
2023-08-08 18:00:00,0.0,0,9.245962,72.84597,173.09566,0.073209494,2.9725163
2023-08-08 19:00:00,0.0,0,9.492271,65.10022,190.421,0.069594555,3.048371
2023-08-08 20:00:00,0.0,0,9.692623,60.71674,179.59795,0.06403678,3.0096815
2023-08-08 21:00:00,0.0,0,9.351708,57.30614,187.39992,0.0390498,2.789274
2023-08-08 22:00:00,0.0,0,8.141065,52.570633,180.8973,0.036916543,2.6024945
2023-08-08 23:00:00,0.0,0,7.86822,49.050022,177.07219,0.03631821,2.4751647
2023-08-09 00:00:00,0.0,0,7.884707,44.418278,175.34944,0.043260504,2.371241
2023-08-09 01:00:00,0.0,0,8.419792,41.710445,179.68721,0.046961248,2.4068878
2023-08-09 02:00:00,0.0,0,8.667286,39.838345,180.13908,0.05795127,2.4188497
2023-08-09 03:00:00,0.0,0,9.343615,38.737614,181.70216,0.09070789,2.5861464
2023-08-09 04:00:00,0.0,0,12.893502,37.53339,191.84831,0.3110223,2.821843
2023-08-09 05:00:00,0.0,0,14.295834,38.017418,202.21703,1.3149357,3.2002833
2023-08-09 06:00:00,0.0,0,12.49672,40.179012,215.3018,2.0461211,3.650407
2023-08-09 07:00:00,0.0,0,8.692437,52.038174,212.3137,1.6791891,3.9337704
2023-08-09 08:00:00,0.0,0,6.2439194,63.712173,205.19598,1.1894771,3.9431121
2023-08-09 09:00:00,0.0,0,5.09748,74.12906,194.3957,0.8974478,3.72111
2023-08-09 10:00:00,0.0,0,4.2755356,85.29673,176.47498,0.7394791,3.4149761
2023-08-09 11:00:00,0.0,0,3.7082517,92.85736,173.70097,0.70541435,3.2258785
2023-08-09 12:00:00,0.0,0,3.4123328,96.58491,172.33144,0.6776295,3.057573
2023-08-09 13:00:00,0.0,0,3.678732,99.53036,173.30779,0.7153725,2.8976061
2023-08-09 14:00:00,0.0,0,4.409108,101.381065,176.83795,0.77765584,2.8369424
2023-08-09 15:00:00,0.0,0,5.4199014,101.62707,177.55139,0.7671242,2.846901
2023-08-09 16:00:00,0.0,0,6.5276637,98.60175,179.83055,0.59275216,2.8390028
2023-08-09 17:00:00,0.0,0,7.6804795,93.804344,185.01884,0.28815216,2.7759864
2023-08-09 18:00:00,0.0,0,10.268484,85.86277,190.91034,0.06004234,2.7480783
2023-08-09 19:00:00,0.0,0,10.778848,78.79594,189.22652,0.040171716,2.6523492
2023-08-09 20:00:00,0.0,0,11.670082,75.7656,187.04974,0.038122986,2.543492
2023-08-09 21:00:00,0.0,0,11.549867,71.99255,184.07063,0.02559671,2.530901
2023-08-09 22:00:00,0.0,0,10.424578,67.42907,181.7024,0.019774405,2.493245
2023-08-09 23:00:00,0.0,0,9.618302,63.940136,180.04372,0.017116383,2.4989753
2023-08-10 00:00:00,0.0,0,9.716313,61.21988,182.4676,0.02817065,2.497443
2023-08-10 01:00:00,0.0,0,10.230668,62.042667,181.85535,0.036300447,2.7291229
2023-08-10 02:00:00,0.0,0,10.265357,57.86472,177.21092,0.041540697,2.9093091
2023-08-10 03:00:00,0.0,0,11.096283,55.020184,175.0863,0.04389733,2.8300622
2023-08-10 04:00:00,0.0,0,16.457335,51.80484,184.03632,0.27613348,2.8713863
2023-08-10 05:00:00,0.0,0,17.848476,48.698986,200.19392,0.9500525,3.1830702
2023-08-10 06:00:00,0.0,0,14.247685,57.441822,198.64247,1.1295606,2.9136553
2023-08-10 07:00:00,0.0,0,10.7183485,64.18834,195.15257,1.1276728,2.4356399
2023-08-10 08:00:00,0.0,0,9.279706,69.48435,195.45367,1.1735107,2.0061214
2023-08-10 09:00:00,0.0,0,8.759153,74.01126,193.77437,1.319377,2.093465
2023-08-10 10:00:00,0.0,0,7.899196,82.474335,195.38399,1.2280554,2.1001155
2023-08-10 11:00:00,0.0,0,5.680008,91.96179,195.72351,1.071107,1.9666853
2023-08-10 12:00:00,0.0,0,5.110368,97.31222,191.93187,0.76212126,2.0214043
2023-08-10 13:00:00,0.0,0,6.1106477,96.66639,184.82878,0.83147556,1.9627215
2023-08-10 14:00:00,0.0,0,6.9027276,99.49234,184.77153,1.1221973,1.9367677
2023-08-10 15:00:00,0.0,0,7.9832625,99.30991,188.56648,1.0290767,2.0530019
2023-08-10 16:00:00,0.0,0,8.519619,96.52652,192.9862,0.70874625,2.2498975
2023-08-10 17:00:00,0.0,0,12.340854,87.98699,202.19946,0.35652277,2.5069447
2023-08-10 18:00:00,0.0,0,18.271791,73.11383,212.91963,0.088644356,2.726249
2023-08-10 19:00:00,0.0,0,23.268997,64.300125,220.5931,0.098514974,2.8129027
2023-08-10 20:00:00,0.0,0,25.7798,54.24142,225.26447,0.09181485,3.2509673
2023-08-10 21:00:00,0.0,0,25.09253,47.800583,225.34833,0.09039703,3.0035388
2023-08-10 22:00:00,0.0,0,21.181318,46.997936,217.09575,0.06158792,2.908392
2023-08-10 23:00:00,0.0,0,15.405334,47.215275,205.69781,0.04942299,2.4921837
2023-08-11 00:00:00,0.0,0,11.172908,46.282978,183.85945,0.048578918,2.267345
2023-08-11 01:00:00,0.0,0,8.957077,49.621548,167.35677,0.036375646,2.0843914
2023-08-11 02:00:00,0.0,0,7.6344876,51.96344,163.5754,0.0427689,2.2693055
2023-08-11 03:00:00,0.0,0,7.864746,50.113796,166.5331,0.06813424,2.6424854
2023-08-11 04:00:00,0.0,0,9.401479,43.260284,177.85278,0.25003406,3.0665696
2023-08-11 05:00:00,0.0,0,9.199704,43.56657,194.36278,1.1153914,3.5084517
2023-08-11 06:00:00,0.0,0,7.549295,47.071857,208.98036,1.3990823,4.2134542
2023-08-11 07:00:00,0.0,0,6.7545285,56.629562,204.40887,1.2023321,4.1831546
2023-08-11 08:00:00,0.0,0,5.043888,70.165985,198.31627,0.92351395,3.9143705
2023-08-11 09:00:00,0.0,0,3.8180707,81.36468,195.79619,0.80707294,3.4705822
2023-08-11 10:00:00,0.0,0,3.3734152,88.33071,195.22432,0.75828177,2.9792464
2023-08-11 11:00:00,0.0,0,3.3846629,93.36243,198.38013,0.72879404,2.7090557
2023-08-11 12:00:00,0.0,0,3.7382498,96.609245,194.43678,0.7419004,2.5521474
2023-08-11 13:00:00,0.0,0,4.757022,98.86914,204.0053,0.8858397,2.509374
2023-08-11 14:00:00,0.0,0,6.032938,99.19043,211.70763,0.9474898,2.4704304
2023-08-11 15:00:00,0.0,0,6.080587,98.91268,213.11272,0.8274207,2.488821
2023-08-11 16:00:00,0.0,0,8.193452,94.32785,209.39246,0.6508831,2.610397
2023-08-11 17:00:00,0.0,0,11.811423,86.97918,208.41743,0.32960594,2.794117
2023-08-11 18:00:00,0.0,0,14.922929,80.070015,213.09468,0.0972712,2.8796005
2023-08-11 19:00:00,0.0,0,17.237778,68.96151,224.38806,0.0712852,2.942992
2023-08-11 20:00:00,0.0,0,20.729387,63.732464,223.50215,0.06442017,2.9207885
2023-08-11 21:00:00,0.0,0,22.485182,61.83224,221.41179,0.06743761,3.0057745
2023-08-11 22:00:00,0.0,0,19.847328,59.473484,231.1266,0.046059754,3.0555649
2023-08-11 23:00:00,0.0,0,18.03773,55.716656,237.96338,0.04027593,3.1828918
2023-08-12 00:00:00,0.0,0,16.014067,54.74658,231.11559,0.036787167,3.2337902
2023-08-12 01:00:00,0.0,0,16.015245,52.260784,231.72717,0.046269953,3.1616795
2023-08-12 02:00:00,0.0,0,14.455396,49.78778,230.64417,0.06075288,3.234393
2023-08-12 03:00:00,0.0,0,12.136184,46.26914,226.78123,0.0858528,2.9992304
2023-08-12 04:00:00,0.0,0,13.794544,41.003284,232.39038,0.28220093,2.728727
2023-08-12 05:00:00,0.0,0,13.861141,38.071766,222.09013,1.2505665,2.7443025
2023-08-12 06:00:00,0.0,0,10.720433,42.81215,223.37502,2.2238548,2.9846122
2023-08-12 07:00:00,0.0,0,7.6677547,54.422394,213.09602,1.6935601,2.9716604
2023-08-12 08:00:00,0.0,0,4.719006,71.65923,198.82268,0.7936697,2.7645998
2023-08-12 09:00:00,0.0,0,3.0118935,81.2415,187.91425,0.604375,2.5252664
2023-08-12 10:00:00,0.0,0,3.0585387,87.88855,184.24757,0.55905503,2.35989
2023-08-12 11:00:00,0.0,0,3.2570047,90.55967,185.533,0.5713856,2.3195832
2023-08-12 12:00:00,0.0,0,3.1416588,93.37817,179.98183,0.58233416,2.353161
2023-08-12 13:00:00,0.0,0,3.4044828,95.232544,178.85057,0.64620876,2.4257905
2023-08-12 14:00:00,0.0,0,4.2025867,94.93101,183.93933,0.64806116,2.4706733
2023-08-12 15:00:00,0.0,0,4.879068,94.90491,194.51414,0.562146,2.5488992
2023-08-12 16:00:00,0.0,0,5.7484016,91.31313,193.27759,0.44774076,2.5956137
2023-08-12 17:00:00,0.0,0,9.107636,74.43597,203.34953,0.21149965,2.6384203
2023-08-12 18:00:00,0.0,0,13.050439,64.24286,204.72505,0.0739728,2.7534087
2023-08-12 19:00:00,0.0,0,16.795921,57.442062,206.2516,0.08116589,2.6953132
2023-08-12 20:00:00,0.0,0,18.115831,52.76486,206.84007,0.07992292,2.5842392
2023-08-12 21:00:00,0.0,0,16.62033,48.77886,205.92853,0.056348126,2.6489036
2023-08-12 22:00:00,0.0,0,13.324573,48.364735,198.93207,0.03888741,2.7164943
2023-08-12 23:00:00,0.0,0,10.832127,46.677338,192.47937,0.042315487,2.4044542
2023-08-13 00:00:00,0.0,0,8.630946,47.508118,179.95464,0.046366617,1.9914552
2023-08-13 01:00:00,0.0,0,9.589917,48.57918,174.63245,0.048098117,1.9965911
2023-08-13 02:00:00,0.0,0,11.7019205,43.967793,178.04176,0.055672064,2.0645967
2023-08-13 03:00:00,0.0,0,12.018921,42.19981,188.25508,0.08873761,2.1352277
2023-08-13 04:00:00,0.0,0,14.360766,38.53361,194.34535,0.2710759,2.5330055
2023-08-13 05:00:00,0.0,0,13.129837,37.932392,204.9749,1.1660752,3.1139672
2023-08-13 06:00:00,0.0,0,10.66476,42.97055,204.38841,1.5486188,3.1167896
2023-08-13 07:00:00,0.0,0,6.6828246,54.396618,199.71498,1.093733,2.8514528
2023-08-13 08:00:00,0.0,0,3.3582833,71.16368,191.83386,0.5289878,2.643964
2023-08-13 09:00:00,0.0,0,3.1341782,81.14426,182.65881,0.4862385,2.4433696
2023-08-13 10:00:00,0.0,0,3.1890848,87.939125,180.2318,0.5163557,2.2636392
2023-08-13 11:00:00,0.0,0,3.7054589,89.604744,171.76904,0.51526946,2.2047536
2023-08-13 12:00:00,0.0,0,4.046334,90.39277,180.84807,0.49410674,2.1871245
2023-08-13 13:00:00,0.0,0,4.937199,90.09949,180.23181,0.55939364,2.1490176
2023-08-13 14:00:00,0.0,0,5.283966,90.680725,178.9198,0.55644083,2.0619395
2023-08-13 15:00:00,0.0,0,5.082365,90.2994,175.69746,0.42239428,2.1023822
2023-08-13 16:00:00,0.0,0,5.850682,88.20866,174.43675,0.34355214,2.257949
2023-08-13 17:00:00,0.0,0,9.232188,84.44763,177.49355,0.21999191,2.3834972
2023-08-13 18:00:00,0.0,0,12.070431,77.9663,192.09685,0.06604836,2.482352
2023-08-13 19:00:00,0.0,0,14.264062,68.24416,190.59956,0.06947161,2.516602
2023-08-13 20:00:00,0.0,0,16.710028,62.99356,192.87457,0.055094447,2.8187568
2023-08-13 21:00:00,0.0,0,17.468382,58.289555,196.69818,0.050613884,2.9746988
2023-08-13 22:00:00,0.0,0,15.1993685,56.273838,192.10207,0.043692753,3.1257412
2023-08-13 23:00:00,0.0,0,12.4038,52.07547,185.96693,0.043053266,2.8961189
2023-08-14 00:00:00,0.0,0,11.189055,47.455555,177.78322,0.036579035,2.498906
2023-08-14 01:00:00,0.0,0,10.546218,51.379517,176.21082,0.042309415,2.4291775
2023-08-14 02:00:00,0.0,0,10.430169,47.858704,173.48405,0.061043616,2.3004153
2023-08-14 03:00:00,0.0,0,11.708789,42.749043,175.334,0.103549756,2.271674
2023-08-14 04:00:00,0.0,0,15.512768,35.437218,191.3711,0.23203129,2.411398
2023-08-14 05:00:00,0.0,0,17.811068,35.491505,212.01814,1.0127022,2.620372
2023-08-14 06:00:00,0.0,0,17.623243,40.544308,220.63165,1.8958372,2.5018978
2023-08-14 07:00:00,0.0,0,13.580788,45.401306,212.54283,1.3834592,2.753198
2023-08-14 08:00:00,0.0,0,10.502231,56.97832,208.5794,1.0531532,3.1607997
2023-08-14 09:00:00,0.0,0,7.765535,67.154366,201.84297,0.7849416,3.400264
2023-08-14 10:00:00,0.0,0,5.7524962,78.609505,198.13954,0.7312365,3.2467635
2023-08-14 11:00:00,0.0,0,5.6370616,86.60456,195.02962,0.7254612,3.036558
2023-08-14 12:00:00,0.0,0,5.476728,87.51251,193.73254,0.66517836,2.7813103
2023-08-14 13:00:00,0.0,0,5.578049,88.848076,194.7558,0.7428712,2.7372758
2023-08-14 14:00:00,0.0,0,5.547867,91.07755,191.80107,0.74811834,2.736745
2023-08-14 15:00:00,0.0,0,6.859854,90.500114,187.3637,0.66282713,2.645919
2023-08-14 16:00:00,0.0,0,9.005334,87.599464,189.02728,0.5468026,2.663807
2023-08-14 17:00:00,0.0,0,10.887012,84.737785,190.79854,0.291886,2.9097197
2023-08-14 18:00:00,0.0,0,14.199245,76.878456,197.21709,0.08505345,2.8941126
2023-08-14 19:00:00,0.0,0,17.712368,68.24349,205.16301,0.07076917,3.1170566
2023-08-14 20:00:00,0.0,0,17.595877,64.93252,208.49031,0.056563053,3.3060844
2023-08-14 21:00:00,0.0,0,16.576736,62.18031,207.72998,0.037245467,3.5772579
2023-08-14 22:00:00,0.0,0,15.566224,59.3867,204.18207,0.03297777,3.4626255
2023-08-14 23:00:00,0.0,0,13.990398,54.39249,200.33942,0.035098445,3.159795
2023-08-15 00:00:00,0.0,0,14.053296,51.155094,192.25829,0.034531638,2.5520227
2023-08-15 01:00:00,0.0,0,15.456632,51.66823,183.53423,0.039028928,2.6777322
2023-08-15 02:00:00,0.0,0,15.131013,50.34235,180.815,0.04325548,3.1631267
2023-08-15 03:00:00,0.0,0,15.919854,47.010532,178.03587,0.068636656,3.1862838
2023-08-15 04:00:00,0.0,0,20.114553,43.51762,189.09312,0.3165823,3.2505982
2023-08-15 05:00:00,0.0,0,22.986135,44.96581,216.74481,2.2980917,3.6094143
2023-08-15 06:00:00,0.0,0,18.332943,51.606598,224.87695,3.5474331,3.9823468
2023-08-15 07:00:00,0.0,0,13.357957,68.14996,211.09163,2.4943674,3.8916283
2023-08-15 08:00:00,0.0,0,9.320441,82.097565,197.4518,1.4506865,3.6633785
2023-08-15 09:00:00,0.0,0,6.421587,95.66132,192.82695,0.982986,3.466129
2023-08-15 10:00:00,0.0,0,5.077001,103.12723,180.39803,0.83030766,3.2694607
2023-08-15 11:00:00,0.0,0,5.1995687,108.36477,185.37044,0.7724573,3.1079378
2023-08-15 12:00:00,0.0,0,5.0594006,109.97043,186.01073,0.7235393,2.775342
2023-08-15 13:00:00,0.0,0,5.264128,112.39609,186.28578,0.7435519,2.53259
2023-08-15 14:00:00,0.0,0,5.309959,112.678314,184.8384,0.7190377,2.4741926
2023-08-15 15:00:00,0.0,0,6.184459,110.14829,183.55052,0.6642027,2.4815893
2023-08-15 16:00:00,0.0,0,7.3708825,100.52123,185.45573,0.5340553,2.6931465
2023-08-15 17:00:00,0.0,0,12.024301,88.49595,196.72084,0.2940445,3.1500645
2023-08-15 18:00:00,0.0,0,16.829472,78.025955,202.14832,0.05921723,3.0064328
2023-08-15 19:00:00,0.0,0,20.488226,71.012825,208.70123,0.056971908,2.814575
2023-08-15 20:00:00,0.0,0,22.295433,67.973335,209.08794,0.04906653,2.797657
2023-08-15 21:00:00,0.0,0,22.280424,63.70267,214.90959,0.045531582,2.6935856
2023-08-15 22:00:00,0.0,0,21.318277,61.965225,216.35994,0.033064514,2.9128282
2023-08-15 23:00:00,0.0,0,19.939035,58.349415,211.09483,0.035379697,2.9780118
2023-08-16 00:00:00,0.0,0,17.463995,54.64702,203.77661,0.048064664,3.4944363
2023-08-16 01:00:00,0.0,0,15.403149,55.384052,198.83124,0.043287445,3.8043416
2023-08-16 02:00:00,0.0,0,13.487046,52.71069,188.69954,0.048374936,3.873292
2023-08-16 03:00:00,0.0,0,12.311737,48.489056,191.57257,0.070103325,3.9846208
2023-08-16 04:00:00,0.0,0,13.725421,41.736126,201.87477,0.19189155,4.1399226
2023-08-16 05:00:00,0.0,0,14.06211,42.545708,241.74571,1.3004638,4.142956
2023-08-16 06:00:00,0.0,0,9.626685,53.667145,239.99889,1.4712836,3.7929792
2023-08-16 07:00:00,0.0,0,7.5583377,66.68697,248.75154,1.0054638,3.891465
2023-08-16 08:00:00,0.0,0,5.238932,81.70236,234.05505,0.687041,3.930258
2023-08-16 09:00:00,0.0,0,4.1577907,92.29239,225.90636,0.60315543,3.622927
2023-08-16 10:00:00,0.0,0,3.6911318,97.38276,210.7169,0.5804672,3.473504
2023-08-16 11:00:00,0.0,0,3.880243,98.723946,196.08208,0.5819159,3.336153
2023-08-16 12:00:00,0.0,0,4.224216,98.7987,187.12453,0.6265786,3.2040431
2023-08-16 13:00:00,0.0,0,4.8002744,99.185425,180.42175,0.67566854,3.0596611
2023-08-16 14:00:00,0.0,0,5.775063,98.88483,178.61159,0.77289647,3.007286
2023-08-16 15:00:00,0.0,0,6.6101565,98.96698,179.74194,0.7643895,3.1726325
2023-08-16 16:00:00,0.0,0,7.9099154,97.8905,186.23198,0.56499785,3.624155
2023-08-16 17:00:00,0.0,0,12.409192,80.4327,205.27539,0.30340025,4.0079823
2023-08-16 18:00:00,0.0,0,16.754389,69.998665,228.0526,0.10062116,4.127165
2023-08-16 19:00:00,0.0,0,22.959295,58.857758,243.99475,0.088401,4.06774
2023-08-16 20:00:00,0.0,0,23.458563,52.59538,245.3065,0.089674056,3.867203
2023-08-16 21:00:00,0.0,0,23.002008,46.030212,243.22247,0.08752703,3.637606
2023-08-16 22:00:00,0.0,0,21.177984,42.610966,240.56474,0.083793126,3.704419
2023-08-16 23:00:00,0.0,0,17.890018,43.215725,234.12025,0.07640229,3.919384
2023-08-17 00:00:00,0.0,0,15.303063,42.387005,222.39185,0.055939842,3.5051324
2023-08-17 01:00:00,0.0,0,14.880474,40.73042,218.15169,0.061334047,3.5967996
2023-08-17 02:00:00,0.0,0,14.251888,37.050823,213.1616,0.07551057,3.4746892
2023-08-17 03:00:00,0.0,0,13.875694,33.699345,215.37965,0.09492733,3.1308146
2023-08-17 04:00:00,0.0,0,17.788336,32.847317,228.75557,0.42394176,3.0289335
2023-08-17 05:00:00,0.0,0,19.422092,39.71667,248.21501,1.9093255,3.3183873
2023-08-17 06:00:00,0.0,0,13.978465,44.378605,248.42592,2.8139553,4.0191245
2023-08-17 07:00:00,0.0,0,10.313651,57.79363,251.8621,2.0506845,4.352415
2023-08-17 08:00:00,0.0,0,7.6444855,82.1934,238.10982,1.1189157,4.1660256
2023-08-17 09:00:00,0.0,0,5.343591,91.82898,226.52617,0.8088433,3.8140433
2023-08-17 10:00:00,0.0,0,4.400793,97.21091,215.8065,0.7144749,3.5296068
2023-08-17 11:00:00,0.0,0,4.43905,99.70291,207.60008,0.6789155,3.2185428
2023-08-17 12:00:00,0.0,0,4.820579,100.63114,200.17467,0.676815,3.0191882
2023-08-17 13:00:00,0.0,0,5.205066,102.112976,190.59526,0.7403638,2.926605
2023-08-17 14:00:00,0.0,0,5.8880744,102.48565,191.4847,0.76233506,2.8939636
2023-08-17 15:00:00,0.0,0,5.6481833,104.215706,196.55202,0.6464289,2.933426
2023-08-17 16:00:00,0.0,0,6.635208,102.45282,212.19856,0.5100821,2.9300272
2023-08-17 17:00:00,0.0,0,10.726032,94.76937,222.58311,0.22497864,2.9042902
2023-08-17 18:00:00,0.0,0,14.565422,85.02834,228.5543,0.05687185,2.8066113
2023-08-17 19:00:00,0.0,0,18.161947,73.49148,226.91289,0.06596916,2.6423461
2023-08-17 20:00:00,0.0,0,19.55798,66.48669,233.10095,0.0651994,2.75019
2023-08-17 21:00:00,0.0,0,18.010515,63.00407,234.8083,0.07316696,2.8643138
2023-08-17 22:00:00,0.0,0,12.799656,59.36324,225.28343,0.050135892,2.6750796
2023-08-17 23:00:00,0.0,0,9.929526,55.95207,210.73029,0.043357316,2.3710053
2023-08-18 00:00:00,0.0,0,9.124357,56.920475,195.29643,0.038735237,2.3729842
2023-08-18 01:00:00,0.0,0,9.798808,53.149902,198.69414,0.040811207,2.673873
2023-08-18 02:00:00,0.0,0,11.502343,50.863297,195.11873,0.050075497,2.6703603
2023-08-18 03:00:00,0.0,0,11.889415,49.792637,196.43205,0.08498979,2.9050944
2023-08-18 04:00:00,0.0,0,16.67928,41.646008,211.76167,0.27070493,3.3408582
2023-08-18 05:00:00,0.0,0,21.203701,45.580585,233.48897,2.103069,3.7687256
2023-08-18 06:00:00,0.0,0,17.609549,52.937057,230.39732,3.6972435,4.174114
2023-08-18 07:00:00,0.0,0,11.453473,68.15387,216.98169,1.8361956,4.433893
2023-08-18 08:00:00,0.0,0,6.708712,83.865105,200.45976,1.0101972,4.079003
2023-08-18 09:00:00,0.0,0,4.2231193,94.21682,190.02942,0.635296,3.224282
2023-08-18 10:00:00,0.0,0,3.8975632,101.62756,183.2736,0.5744027,2.6386786
2023-08-18 11:00:00,0.0,0,4.1182094,103.589226,173.4688,0.6034887,2.2976892
2023-08-18 12:00:00,0.0,0,3.7050388,104.122826,163.31624,0.61777335,2.1597726
2023-08-18 13:00:00,0.0,0,4.514195,103.6085,168.07439,0.68788385,2.1346266
2023-08-18 14:00:00,0.0,0,5.3947864,104.60961,180.83003,0.6938599,2.1755254
2023-08-18 15:00:00,0.0,0,5.5319366,108.02066,187.10103,0.5643181,2.2793522
2023-08-18 16:00:00,0.0,0,6.6867585,105.4506,190.23415,0.4361851,2.343356
2023-08-18 17:00:00,0.0,0,11.250698,95.91444,202.73799,0.21044986,2.5692253
2023-08-18 18:00:00,0.0,0,14.969823,87.853386,209.83075,0.0742162,2.7225678
2023-08-18 19:00:00,0.0,0,17.108515,77.10994,210.78572,0.081921436,2.7846014
2023-08-18 20:00:00,0.0,0,17.061468,70.29005,211.91158,0.08458539,2.8996727
2023-08-18 21:00:00,0.0,0,15.167321,66.5835,212.64046,0.057744622,2.9960651
2023-08-18 22:00:00,0.0,0,11.1608305,67.36728,205.25807,0.033011813,2.8792439
2023-08-18 23:00:00,0.0,0,8.59805,65.18995,198.9525,0.030525507,2.6099064
2023-08-19 00:00:00,0.0,0,6.869953,64.69073,193.6144,0.032078933,2.217823
2023-08-19 01:00:00,0.0,0,7.79135,61.1889,198.33665,0.03703023,2.3971899
2023-08-19 02:00:00,0.0,0,7.93698,58.36418,201.13069,0.046868283,2.3139381
2023-08-19 03:00:00,0.0,0,9.78809,54.265415,207.66676,0.07334459,2.433821
2023-08-19 04:00:00,0.0,0,14.016746,49.191128,215.7549,0.15069664,2.6088634
2023-08-19 05:00:00,0.0,0,16.719103,50.71872,223.17754,1.5852966,2.8996527
2023-08-19 06:00:00,0.0,0,12.754841,58.397934,213.42064,2.744706,3.4495466
2023-08-19 07:00:00,0.0,0,7.9168715,74.49673,205.91927,1.301124,3.3116348
2023-08-19 08:00:00,0.0,0,5.2934794,90.83188,193.03954,0.85596037,3.474803
2023-08-19 09:00:00,0.0,0,4.3213634,101.89123,182.08887,0.66661114,3.386494
2023-08-19 10:00:00,0.0,0,3.9850137,108.07324,173.82198,0.56234485,3.2269156
2023-08-19 11:00:00,0.0,0,3.7402585,111.886604,171.6894,0.5367274,3.0905755
2023-08-19 12:00:00,0.0,0,3.6273632,114.51919,172.04356,0.5375397,3.0294783
2023-08-19 13:00:00,0.0,0,3.7267923,116.82807,171.79224,0.5615137,2.8639135
2023-08-19 14:00:00,0.0,0,3.979368,114.19694,174.3899,0.55219334,2.6813917
2023-08-19 15:00:00,0.0,0,4.324243,111.784294,172.28886,0.4829247,2.5709176
2023-08-19 16:00:00,0.0,0,4.7302094,103.81347,171.70732,0.3245647,2.529672
2023-08-19 17:00:00,0.0,0,8.0777,93.88162,178.56415,0.19562936,2.6569288
2023-08-19 18:00:00,0.0,0,11.080864,83.00494,188.83235,0.05390978,2.787775
2023-08-19 19:00:00,0.0,0,12.932815,76.975655,193.60449,0.048566192,2.7731514
2023-08-19 20:00:00,0.0,0,13.37571,73.517265,191.55153,0.03782841,2.9876213
2023-08-19 21:00:00,0.0,0,11.458489,67.332085,193.55005,0.03595021,3.203583
2023-08-19 22:00:00,0.0,0,9.081888,64.27965,196.1458,0.03067709,3.0772102
2023-08-19 23:00:00,0.0,0,8.016278,62.482212,204.49214,0.029336238,3.0462234
2023-08-20 00:00:00,0.0,0,7.1019645,62.51056,203.80717,0.030585906,2.666458
2023-08-20 01:00:00,0.0,0,7.9776096,59.638737,206.1689,0.03589425,2.6367671
2023-08-20 02:00:00,0.0,0,9.0705595,55.42597,208.35484,0.048829686,2.5922625
2023-08-20 03:00:00,0.0,0,10.81546,51.407043,212.4292,0.083126396,2.450444
2023-08-20 04:00:00,0.0,0,12.998918,47.222244,209.34773,0.13895611,2.6365826
2023-08-20 05:00:00,0.0,0,15.441136,45.2822,210.57507,1.4967285,3.0159044
2023-08-20 06:00:00,0.0,0,13.135566,54.882732,210.38988,2.6545808,3.7136495
2023-08-20 07:00:00,0.0,0,8.67956,69.44358,208.66986,1.6885055,3.8170497
2023-08-20 08:00:00,0.0,0,6.285089,80.111855,213.37813,0.91795015,3.773447
2023-08-20 09:00:00,0.0,0,4.5407553,92.48608,207.5215,0.76690894,3.5351446
2023-08-20 10:00:00,0.0,0,4.250589,101.440216,199.57967,0.64760584,3.4425995
2023-08-20 11:00:00,0.0,0,3.6270115,106.17538,189.73222,0.5676737,3.294016
2023-08-20 12:00:00,0.0,0,3.35923,111.26368,185.98914,0.52954113,3.1195068
2023-08-20 13:00:00,0.0,0,3.499484,116.57073,183.7003,0.55496114,2.9192722
2023-08-20 14:00:00,0.0,0,4.1760545,114.24139,176.12163,0.55664647,2.8091466
2023-08-20 15:00:00,0.0,0,4.538739,111.27618,179.49556,0.48890337,2.8570166
2023-08-20 16:00:00,0.0,0,5.9075265,107.72437,183.91258,0.4029795,2.9359646
2023-08-20 17:00:00,0.0,0,11.403217,95.85261,192.01924,0.20804554,2.9055593
2023-08-20 18:00:00,0.0,0,12.755624,85.90339,207.51125,0.042169835,2.904812
2023-08-20 19:00:00,0.0,0,15.377297,74.26533,209.79785,0.054977655,3.0269668
2023-08-20 20:00:00,0.0,0,17.272192,71.23835,209.8911,0.04792877,2.793947
2023-08-20 21:00:00,0.0,0,18.09767,64.89987,210.20586,0.0401279,2.6951017
2023-08-20 22:00:00,0.0,0,16.35832,57.923267,211.03157,0.033786308,2.8444643
2023-08-20 23:00:00,0.0,0,12.989282,56.05013,203.6247,0.030787818,2.9565067
2023-08-21 00:00:00,0.0,0,10.54207,52.00552,194.18852,0.038704447,2.89369
2023-08-21 01:00:00,0.0,0,9.354129,49.397038,188.92485,0.047116086,3.0637772
2023-08-21 02:00:00,0.0,0,9.276362,50.74148,186.70093,0.055505227,3.0397375
2023-08-21 03:00:00,0.0,0,9.384368,50.448803,187.25017,0.07952039,3.225818
2023-08-21 04:00:00,0.0,0,13.816525,48.89244,194.98517,0.16703321,3.276326
2023-08-21 05:00:00,0.0,0,15.82584,47.996998,214.80257,1.3490223,3.761406
2023-08-21 06:00:00,0.0,0,12.166427,51.64503,221.38521,2.0075994,4.045383
2023-08-21 07:00:00,0.0,0,9.739933,64.72616,212.38911,1.2283913,3.9834614
2023-08-21 08:00:00,0.0,0,6.1694837,79.72567,197.90465,0.7582647,4.015466
2023-08-21 09:00:00,0.0,0,4.4070888,88.661415,184.81752,0.56537265,3.7347362
2023-08-21 10:00:00,0.0,0,3.8872242,94.923,166.36365,0.54741603,3.2877643
2023-08-21 11:00:00,0.0,0,4.029858,96.20815,167.6648,0.52979535,3.0376885
2023-08-21 12:00:00,0.0,0,4.022345,93.99369,165.48582,0.5278695,3.0330799
2023-08-21 13:00:00,0.0,0,4.442227,94.64468,168.97224,0.5969997,3.2551124
2023-08-21 14:00:00,0.0,0,5.5558662,92.42212,172.65163,0.6210013,3.3936968
2023-08-21 15:00:00,0.0,0,6.089018,90.71772,173.53523,0.5251661,3.5682857
2023-08-21 16:00:00,0.0,0,6.891964,89.34762,181.92107,0.38859236,3.6866283
2023-08-21 17:00:00,0.0,0,10.376451,80.928734,200.5489,0.19146504,3.6615226
2023-08-21 18:00:00,0.0,0,12.355222,76.36682,198.20009,0.048612967,3.5093753
2023-08-21 19:00:00,0.0,0,13.431102,67.41643,202.67787,0.054310337,3.6412084
2023-08-21 20:00:00,0.0,0,13.692197,61.24886,203.94493,0.048590466,3.6335592
2023-08-21 21:00:00,0.0,0,10.37898,61.09848,201.52362,0.037333097,3.5673554
2023-08-21 22:00:00,0.0,0,8.536155,62.373825,197.5553,0.03677177,3.612057
2023-08-21 23:00:00,0.0,0,7.9026165,60.927456,184.16393,0.0368298,3.670839
2023-08-22 00:00:00,0.0,0,8.219092,57.05162,171.94551,0.03700625,3.5307343
2023-08-22 01:00:00,0.0,0,7.9009247,56.4732,171.2755,0.038908135,3.3846998
2023-08-22 02:00:00,0.0,0,8.0172825,54.056965,173.25963,0.05121119,3.197955
2023-08-22 03:00:00,0.0,0,9.155303,49.37325,179.093,0.07119875,3.0302975
2023-08-22 04:00:00,0.0,0,14.620936,42.745937,193.85217,0.17621696,3.093984
2023-08-22 05:00:00,0.0,0,17.13243,39.985893,219.9652,1.5282092,3.1639745
2023-08-22 06:00:00,0.0,0,16.010494,45.167557,234.86511,3.078429,3.7102315
2023-08-22 07:00:00,0.0,0,11.093956,64.92659,224.77296,1.7370358,3.9219904
2023-08-22 08:00:00,0.0,0,5.870396,82.72118,195.49171,0.81028277,3.8892314
2023-08-22 09:00:00,0.0,0,3.6296568,90.074066,178.52232,0.61448354,3.7561424
2023-08-22 10:00:00,0.0,0,3.9622765,93.5581,165.90433,0.56634253,3.4285746
2023-08-22 11:00:00,0.0,0,4.4453993,95.549065,164.24266,0.5437584,3.0722542
2023-08-22 12:00:00,0.0,0,4.4206066,97.28759,166.18602,0.5377787,3.074175
2023-08-22 13:00:00,0.0,0,4.9454393,99.436584,167.75746,0.6557843,3.2050898
2023-08-22 14:00:00,0.0,0,6.4126954,98.30035,175.24788,0.7013982,3.4721167
2023-08-22 15:00:00,0.0,0,7.2858067,100.10891,179.56169,0.58850765,3.6247911
2023-08-22 16:00:00,0.0,0,7.3872886,99.35178,183.76225,0.45073113,4.059366
2023-08-22 17:00:00,0.0,0,13.919781,91.02349,203.84984,0.22784221,3.5902634
2023-08-22 18:00:00,0.0,0,19.85724,77.036736,212.90465,0.05884923,3.6388524
2023-08-22 19:00:00,0.0,0,22.916855,68.014015,224.0224,0.07193772,3.9795105
2023-08-22 20:00:00,0.0,0,24.944046,60.65509,224.39616,0.07549635,4.1356854
2023-08-22 21:00:00,0.0,0,22.398796,61.104992,226.09392,0.063831605,3.6491308
2023-08-22 22:00:00,0.0,0,16.113739,60.63547,215.33415,0.04327442,3.5681407
2023-08-22 23:00:00,0.0,0,12.587807,60.59204,204.95634,0.042035703,3.3886306
2023-08-23 00:00:00,0.0,0,10.312201,58.780487,191.97841,0.041881163,2.9366543
2023-08-23 01:00:00,0.0,0,9.818286,55.169964,194.33385,0.04402049,3.0530317
2023-08-23 02:00:00,0.0,0,10.309907,52.759903,202.4961,0.05454363,3.138197
2023-08-23 03:00:00,0.0,0,11.9980955,50.04613,209.42224,0.08079819,3.0879643
2023-08-23 04:00:00,0.0,0,17.61502,43.330215,222.3169,0.20703794,3.1520054
2023-08-23 05:00:00,0.0,0,21.584106,40.250675,243.83522,1.9790367,3.6784942
2023-08-23 06:00:00,0.0,0,20.34463,47.103836,250.91911,4.769839,4.0482345
2023-08-23 07:00:00,0.0,0,12.686321,64.51029,206.56673,2.686124,4.467336
2023-08-23 08:00:00,0.0,0,5.757153,83.412224,209.82759,1.0212382,4.9915385
2023-08-23 09:00:00,0.0,0,4.286172,95.14077,185.8457,0.7382614,4.803198
2023-08-23 10:00:00,0.0,0,4.2103367,101.350716,171.15984,0.58696157,4.373928
2023-08-23 11:00:00,0.0,0,4.13415,107.305504,175.46252,0.5278812,3.938097
2023-08-23 12:00:00,0.0,0,3.9440868,114.45927,176.90459,0.5229902,3.7001526
2023-08-23 13:00:00,0.0,0,4.7438965,120.932884,184.67815,0.63432544,3.8564007
2023-08-23 14:00:00,0.0,0,5.54289,116.25885,183.94682,0.6508323,3.9962559
2023-08-23 15:00:00,0.0,0,6.1025453,115.02222,185.76292,0.5712599,3.9836805
2023-08-23 16:00:00,0.0,0,7.759893,108.32171,190.71674,0.42415738,3.9215422
2023-08-23 17:00:00,0.0,0,12.129478,92.51178,200.9909,0.20565929,3.9462016
2023-08-23 18:00:00,0.0,0,16.401117,81.99378,211.03802,0.06034251,3.94732
2023-08-23 19:00:00,0.0,0,21.222246,75.78335,221.07982,0.07107411,3.82646
2023-08-23 20:00:00,0.0,0,23.563812,71.31588,224.83693,0.06371614,3.9264946
2023-08-23 21:00:00,0.0,0,22.812927,68.55084,230.34991,0.059555624,4.104408
2023-08-23 22:00:00,0.0,0,18.895311,67.03478,224.5461,0.03577316,4.07415
2023-08-23 23:00:00,0.0,0,15.075474,63.03471,220.02277,0.029736213,3.9063542
2023-08-24 00:00:00,0.0,0,13.756719,56.91855,211.5442,0.03400865,3.1815853
2023-08-24 01:00:00,0.0,0,12.305232,54.199265,209.542,0.039054688,2.8876488
2023-08-24 02:00:00,0.0,0,11.486308,51.436264,207.35468,0.041067004,2.3248532
2023-08-24 03:00:00,0.0,0,13.662635,46.4558,206.5772,0.05817983,2.2490242
2023-08-24 04:00:00,0.0,0,17.70533,40.92455,215.0001,0.20687155,2.5031283
2023-08-24 05:00:00,0.0,0,18.913137,41.53462,247.33752,1.6546682,3.0684576
2023-08-24 06:00:00,0.0,0,18.882095,46.987026,253.59221,3.329148,3.2656276
2023-08-24 07:00:00,0.0,0,13.365914,63.913425,239.59503,2.5815046,4.2431254
2023-08-24 08:00:00,0.0,0,8.434201,83.613556,226.56181,1.1982601,4.888316
2023-08-24 09:00:00,0.0,0,6.4158044,94.81192,220.05334,0.7239063,4.8894577
2023-08-24 10:00:00,0.0,0,6.013943,110.727455,215.9964,0.6910107,4.549854
2023-08-24 11:00:00,0.0,0,5.5310025,114.40966,205.80664,0.64096385,4.1007314
2023-08-24 12:00:00,0.0,0,5.096865,109.92349,212.49982,0.5885981,3.7823858
2023-08-24 13:00:00,0.0,0,5.4168267,105.2916,220.13213,0.57851714,3.4722946
2023-08-24 14:00:00,0.0,0,6.956579,103.379486,228.14574,0.61719054,3.3641737
2023-08-24 15:00:00,0.0,0,8.331924,97.746635,233.22523,0.6031473,3.5040226
2023-08-24 16:00:00,0.0,0,9.184383,91.9791,229.16467,0.4418913,3.558507
2023-08-24 17:00:00,0.0,0,13.509231,76.54532,231.1051,0.1820535,3.7092688
2023-08-24 18:00:00,0.0,0,18.496477,67.34663,244.06128,0.06019349,3.7021396
2023-08-24 19:00:00,0.0,0,23.338987,56.893433,262.58957,0.074311815,4.0431995
2023-08-24 20:00:00,0.0,0,24.763723,50.876286,276.67325,0.06882169,4.314477
2023-08-24 21:00:00,0.0,0,24.131342,47.05003,266.97375,0.046448182,4.012002
2023-08-24 22:00:00,0.0,0,17.629807,51.35548,242.38731,0.02736093,2.7428658
2023-08-24 23:00:00,0.0,0,14.340558,47.980167,216.33203,0.021129174,2.554427
2023-08-25 00:00:00,0.0,0,12.04267,45.529705,198.62683,0.025476508,2.0362616
2023-08-25 01:00:00,0.0,0,10.597217,41.617268,231.32294,0.03799272,2.7292335
2023-08-25 02:00:00,0.0,0,10.761829,41.96652,224.6296,0.049231138,2.5363958
2023-08-25 03:00:00,0.0,0,11.549394,40.03797,236.77995,0.08079345,2.6412175
2023-08-25 04:00:00,0.0,0,16.078066,35.54446,255.44427,0.25575748,2.9213908
2023-08-25 05:00:00,0.0,0,19.413092,36.827908,275.51685,1.7742702,3.0628083
2023-08-25 06:00:00,0.0,0,16.38543,42.55205,277.0759,3.5554402,3.2434883
2023-08-25 07:00:00,0.0,0,11.9930105,60.328884,270.15356,1.65771,4.5296507
2023-08-25 08:00:00,0.0,0,9.469176,77.937325,265.75937,1.4708079,4.3161235
2023-08-25 09:00:00,0.0,0,6.900432,96.82009,265.30966,0.9162888,3.9465554
2023-08-25 10:00:00,0.0,0,6.332149,109.107666,261.08438,0.79087967,3.6212966
2023-08-25 11:00:00,0.0,0,5.25765,118.40155,250.25677,0.67284995,3.5258255
2023-08-25 12:00:00,0.0,0,4.9713635,125.97119,228.77681,0.6141842,3.2873852
2023-08-25 13:00:00,0.0,0,5.3151937,127.56058,199.8404,0.63156843,2.4411466
2023-08-25 14:00:00,0.0,0,6.546804,126.47659,200.44344,0.66913146,2.2884853
2023-08-25 15:00:00,0.0,0,7.6364446,121.81592,198.85516,0.6064252,2.259071
2023-08-25 16:00:00,0.0,0,9.501533,116.190605,206.48851,0.45937455,2.326276
2023-08-25 17:00:00,0.0,0,14.732048,98.20498,220.83008,0.22760569,2.4211261
2023-08-25 18:00:00,0.0,0,18.600513,87.2636,232.2928,0.05799451,2.6243699
2023-08-25 19:00:00,0.0,0,22.94059,79.19961,246.44032,0.05392072,2.51896
2023-08-25 20:00:00,0.0,0,22.249008,74.69193,251.30487,0.048108477,2.3051507
2023-08-25 21:00:00,0.0,0,21.999605,75.73351,251.26161,0.04140155,2.370711
2023-08-25 22:00:00,0.0,0,20.866472,72.67016,243.22377,0.03165468,2.364833
2023-08-25 23:00:00,0.0,0,16.941038,71.04124,235.76366,0.02510821,2.1885722
2023-08-26 00:00:00,0.0,0,15.59776,68.20377,225.86401,0.022746844,2.1919708
2023-08-26 01:00:00,0.0,0,11.983066,66.147484,218.44905,0.018231342,1.664269
2023-08-26 02:00:00,0.0,0,10.790806,64.89237,215.51636,0.025422035,1.5074686
2023-08-26 03:00:00,0.0,0,11.306218,62.35815,218.8802,0.040975817,1.5504422
2023-08-26 04:00:00,0.0,0,15.514427,60.71071,225.87794,0.1050869,1.605719
2023-08-26 05:00:00,0.0,0,16.414616,65.49628,229.66376,0.99051315,1.6097927
2023-08-26 06:00:00,0.0,0,11.171902,74.23807,220.26164,1.6733732,1.8533052
2023-08-26 07:00:00,0.0,0,7.2129245,93.29999,199.43481,1.1196116,2.205348
2023-08-26 08:00:00,0.0,0,4.8922787,105.09017,190.53545,0.7776706,2.2378519
2023-08-26 09:00:00,0.0,0,3.6715605,113.4834,192.51668,0.5507088,2.1348033
2023-08-26 10:00:00,0.0,0,3.4396718,118.232025,191.20927,0.53846604,1.9698582
2023-08-26 11:00:00,0.0,0,3.6704257,122.72425,191.37935,0.5329999,1.939248
2023-08-26 12:00:00,0.0,0,3.939305,124.30886,191.58907,0.5060131,1.9036407
2023-08-26 13:00:00,0.0,0,4.7591686,123.78823,192.43782,0.51565456,1.8098491
2023-08-26 14:00:00,0.0,0,5.5168424,123.434715,194.39418,0.5493615,1.7383256
2023-08-26 15:00:00,0.0,0,5.1116405,120.100914,192.74042,0.4143852,1.6153735
2023-08-26 16:00:00,0.0,0,6.622135,113.47811,197.23143,0.32731113,1.6246759
2023-08-26 17:00:00,0.0,0,10.892922,102.827934,211.13934,0.15126894,1.6890026
2023-08-26 18:00:00,0.0,0,13.676883,92.44601,222.7951,0.036561433,1.7422091
2023-08-26 19:00:00,0.0,0,16.356476,80.888954,224.54694,0.039934278,1.7652432
2023-08-26 20:00:00,0.0,0,15.386424,73.97699,222.51372,0.03638926,1.5302749
2023-08-26 21:00:00,0.0,0,13.267034,68.28398,209.57672,0.02699189,1.2796142
2023-08-26 22:00:00,0.0,0,11.620541,64.26278,207.92792,0.023708442,1.1479827
2023-08-26 23:00:00,0.0,0,9.869956,62.459854,198.60265,0.02491311,1.0627683
2023-08-27 00:00:00,0.0,0,8.109742,60.195568,183.30415,0.029635554,0.9592788
2023-08-27 01:00:00,0.0,0,7.0163136,58.75594,171.3435,0.028728426,0.86472756
2023-08-27 02:00:00,0.0,0,7.063496,54.253998,168.14236,0.041338194,0.76834655
2023-08-27 03:00:00,0.0,0,8.537124,49.05251,183.11403,0.06086805,0.8696788
2023-08-27 04:00:00,0.0,0,14.054672,44.990665,197.93352,0.15726323,1.0017918
2023-08-27 05:00:00,0.0,0,18.794655,50.74359,211.53145,1.5175167,1.1634096
2023-08-27 06:00:00,0.0,0,15.635646,56.340347,212.39,2.5000038,1.5387311
2023-08-27 07:00:00,0.0,0,10.632628,73.570335,205.4057,2.129971,1.788994
2023-08-27 08:00:00,0.0,0,7.313317,89.821175,193.84937,1.4839858,1.9108772
2023-08-27 09:00:00,0.0,0,4.8715496,105.11829,185.88611,0.81772536,1.8824363
2023-08-27 10:00:00,0.0,0,4.103968,117.26054,181.235,0.6359528,1.6504158
2023-08-27 11:00:00,0.0,0,3.5626085,121.701805,172.75975,0.52613175,1.4650141
2023-08-27 12:00:00,0.0,0,3.0970526,119.40567,173.3639,0.45426396,1.3248426
2023-08-27 13:00:00,0.0,0,3.1378345,118.27967,171.01166,0.476041,1.258289
2023-08-27 14:00:00,0.0,0,3.5988216,114.310875,170.76433,0.5192526,1.2185181
2023-08-27 15:00:00,0.0,0,4.3462963,109.12292,174.55959,0.5255744,1.1781201
2023-08-27 16:00:00,0.0,0,5.9173856,96.45071,175.21858,0.38032612,1.1477747
2023-08-27 17:00:00,0.0,0,7.9792876,85.73876,179.58557,0.17318375,1.1335822
2023-08-27 18:00:00,0.0,0,10.57613,78.98415,183.39034,0.04540806,1.1473986
2023-08-27 19:00:00,0.0,0,12.493477,72.256424,185.91026,0.05271339,1.079819
2023-08-27 20:00:00,0.0,0,14.001452,67.52689,184.47878,0.049774703,1.013022
2023-08-27 21:00:00,0.0,0,13.115445,63.34654,183.70168,0.039630815,1.0120231
2023-08-27 22:00:00,0.0,0,11.945842,61.617004,184.10455,0.03512272,0.9922108
2023-08-27 23:00:00,0.0,0,10.529749,59.037647,181.60622,0.040450606,0.9907364
2023-08-28 00:00:00,0.0,0,9.849039,60.52226,178.19316,0.038069695,1.0191392
2023-08-28 01:00:00,0.0,0,10.96281,57.029224,178.03703,0.047065765,1.0679487
2023-08-28 02:00:00,0.0,0,11.33796,53.453526,177.19202,0.05842201,1.117579
2023-08-28 03:00:00,0.0,0,12.235592,51.37703,177.86055,0.08424195,1.1353023
2023-08-28 04:00:00,0.0,0,17.930069,47.19115,186.69707,0.22113037,1.272485
2023-08-28 05:00:00,0.0,0,21.422462,44.170994,218.57649,1.8251629,1.4168459
2023-08-28 06:00:00,0.0,0,17.523653,51.8826,222.39708,3.696063,1.9626292
2023-08-28 07:00:00,0.0,0,9.990818,68.181435,199.13037,2.1619508,2.6650598
2023-08-28 08:00:00,0.0,0,4.6650805,79.58715,179.00696,1.0112715,2.462611
2023-08-28 09:00:00,0.0,0,3.2355602,93.8498,173.02167,0.68128484,2.23091
2023-08-28 10:00:00,0.0,0,2.8265543,98.03854,168.07323,0.6145945,1.9280554
2023-08-28 11:00:00,0.0,0,2.6892455,99.15515,161.34816,0.6070362,1.6748668
2023-08-28 12:00:00,0.0,0,2.7676985,98.00537,158.98358,0.6102721,1.5126482
2023-08-28 13:00:00,0.0,0,3.0508642,96.23351,160.5498,0.6044745,1.3412251
2023-08-28 14:00:00,0.0,0,3.5679786,95.39063,163.15898,0.6211584,1.3247336
2023-08-28 15:00:00,0.0,0,4.3714375,92.44747,163.86922,0.6221052,1.3584228
2023-08-28 16:00:00,0.0,0,5.694931,85.87573,164.45386,0.45277205,1.363534
2023-08-28 17:00:00,0.0,0,6.985779,79.70434,168.72418,0.18058515,1.3750616
2023-08-28 18:00:00,0.0,0,9.353104,73.03678,178.66205,0.07327237,1.6210881
2023-08-28 19:00:00,0.0,0,10.675267,67.01111,181.49348,0.079582565,1.8132106
2023-08-28 20:00:00,0.0,0,13.199677,62.302845,182.6946,0.050589457,2.247578
2023-08-28 21:00:00,0.0,0,15.5774145,56.62326,185.29663,0.05625722,2.336186
2023-08-28 22:00:00,0.0,0,16.635714,53.40807,186.39354,0.061950147,2.5866313
2023-08-28 23:00:00,0.0,0,15.32317,51.820908,185.56093,0.055529807,2.198322
2023-08-29 00:00:00,0.0,0,13.916234,47.920258,188.04814,0.052327033,3.0380917
2023-08-29 01:00:00,0.0,0,12.399007,50.34846,191.29582,0.050293397,2.7044895
2023-08-29 02:00:00,0.0,0,12.126675,49.520153,190.4002,0.065880336,2.5086977
2023-08-29 03:00:00,0.0,0,13.758349,46.182938,190.39827,0.08426622,1.8280991
2023-08-29 04:00:00,0.0,0,20.010912,39.930004,209.27367,0.18821685,1.9761282
2023-08-29 05:00:00,0.0,0,20.90097,38.016727,232.32079,2.4483573,2.2422118
2023-08-29 06:00:00,0.0,0,19.707983,48.198055,237.31891,3.915661,2.3501947
2023-08-29 07:00:00,0.0,0,11.221207,67.967094,210.15508,1.6205536,3.25241
2023-08-29 08:00:00,0.0,0,5.775353,80.43407,182.40564,0.83525044,3.229277
2023-08-29 09:00:00,0.0,0,3.8584642,90.68859,176.64256,0.49862078,2.4759858
2023-08-29 10:00:00,0.0,0,2.8449955,96.48291,166.9415,0.4723378,2.0687063
2023-08-29 11:00:00,0.0,0,2.696967,98.41916,163.55077,0.47994134,1.8727894
2023-08-29 12:00:00,0.0,0,2.7368689,98.722145,161.60118,0.45526722,1.7808701
2023-08-29 13:00:00,0.0,0,2.9823987,99.26569,161.99582,0.5055149,1.726272
2023-08-29 14:00:00,0.0,0,3.6870222,97.36847,163.45778,0.54722697,1.8330189
2023-08-29 15:00:00,0.0,0,4.9048424,94.73167,166.81032,0.55110335,1.9654121
2023-08-29 16:00:00,0.0,0,6.348051,90.040436,169.26794,0.41755876,2.0424433
2023-08-29 17:00:00,0.0,0,10.45508,82.08282,177.91693,0.17813788,2.6947758
2023-08-29 18:00:00,0.0,0,14.161046,72.51248,190.31157,0.07783819,2.8039865
2023-08-29 19:00:00,0.0,0,17.216856,68.46732,195.6923,0.07892946,3.1270893
2023-08-29 20:00:00,0.0,0,21.553144,65.41306,200.91016,0.08220387,2.8762906
2023-08-29 21:00:00,0.0,0,20.054155,62.47615,201.6054,0.091285795,3.2343147
2023-08-29 22:00:00,0.0,0,19.047377,61.21222,199.65831,0.06120615,3.1130798
2023-08-29 23:00:00,0.0,0,15.769483,58.276997,200.13686,0.053200703,2.7587662
2023-08-30 00:00:00,0.0,0,12.413899,55.368366,187.34227,0.033458274,2.9442828
2023-08-30 01:00:00,0.0,0,10.164437,57.688995,178.8537,0.036084913,2.8796947
2023-08-30 02:00:00,0.0,0,9.072099,55.891903,179.28052,0.049096137,2.903886
2023-08-30 03:00:00,0.0,0,10.277858,51.10201,180.6852,0.07591794,2.7871227
2023-08-30 04:00:00,0.0,0,16.850805,45.500317,192.52655,0.20369838,2.7615852
2023-08-30 05:00:00,0.0,0,19.566605,45.158123,212.58276,1.668693,2.9376383
2023-08-30 06:00:00,0.0,0,17.60502,49.572086,219.02966,3.6468773,2.9676764
2023-08-30 07:00:00,0.0,0,11.449899,64.35409,206.00597,2.1456587,3.4567928
2023-08-30 08:00:00,0.0,0,6.0946326,75.59561,181.82231,1.3140407,3.7402923
2023-08-30 09:00:00,0.0,0,4.799631,84.08494,172.43365,1.01977,3.1565056
2023-08-30 10:00:00,0.0,0,4.134294,92.99066,168.7955,0.8328696,2.7970552
2023-08-30 11:00:00,0.0,0,3.6756861,98.30311,164.6421,0.7244904,2.8066533
2023-08-30 12:00:00,0.0,0,3.8475459,102.89701,163.03546,0.6773023,2.5144322
2023-08-30 13:00:00,0.0,0,4.436439,105.59363,163.54579,0.7294977,2.4028928
2023-08-30 14:00:00,0.0,0,5.09632,104.260414,167.11377,0.74189067,2.4318717
2023-08-30 15:00:00,0.0,0,5.66627,97.56754,170.74457,0.6429435,2.346916
2023-08-30 16:00:00,0.0,0,6.5485306,88.21487,174.30809,0.49704245,1.9381543
2023-08-30 17:00:00,0.0,0,11.300168,78.45002,189.91524,0.19762053,2.037572
2023-08-30 18:00:00,0.0,0,13.755933,69.27716,195.57703,0.07839552,1.9577503
2023-08-30 19:00:00,0.0,0,15.928924,62.377247,197.57301,0.094869584,1.8242208
2023-08-30 20:00:00,0.0,0,16.66787,57.011593,195.69983,0.09684875,1.7867178
2023-08-30 21:00:00,0.0,0,17.208546,52.866272,197.66687,0.08134293,1.9803318
2023-08-30 22:00:00,0.0,0,15.4086075,51.100437,183.55794,0.04404092,2.3614976
2023-08-30 23:00:00,0.0,0,15.801669,46.814728,177.11662,0.04469313,2.8389113
2023-08-31 00:00:00,0.0,0,13.230094,42.084217,166.68323,0.047715608,2.740349
